Grupo,Top consultas,Cliques,Impressões,CTR,Posição
BMW,evento bmw campos do jordão,41,153,26.8%,2.78
BMW,encontro bmw campos do jordão,24,79,30.38%,2.06
BMW,bmw motorrad campos do jordao,18,70,25.71%,2.49
BMW,evento da bmw em campos do jordão,14,55,25.45%,2
BMW,bmw campos do jordao,14,47,29.79%,3.6
Monumento 35 / São Lourenço,monumento rota biker são lourenço mg,12,30,40%,2.63
Monumento 35 / São Lourenço,monumento biker sao lourenço mg,10,72,13.89%,3.01
BMW,bmw motorrad fest campos do jordão,9,58,15.52%,3.4
Monumento 27 / Pedra do Baú,monumento rota biker 27,2,210,0.95%,6.27
Outras,imagens de garganta do registro,2,53,3.77%,3.91
Monumento 35 / São Lourenço,monumento biker são lourenço,2,38,5.26%,3.42
Monumento 29 / São José do Barreiro,monumento 29 rota biker,2,36,5.56%,6.69
BMW,evento bmw motorrad 2026,2,16,12.5%,7.25
Monumento 29 / São José do Barreiro,são josé do barreiro rota biker,2,11,18.18%,3.45
BMW,evento bmw campos do jordao,2,10,20%,3.2
BMW,bmw motorrad fest,2,9,22.22%,3.56
Monumento 35 / São Lourenço,monumento rota biker 35,1,63,1.59%,4.13
Monumento 27 / Pedra do Baú,monumento 27 rota biker,1,49,2.04%,3.84
Perto de mim,monumento biker perto de mim,1,48,2.08%,6.83
Monumento 29 / São José do Barreiro,monumento rota biker 29,1,40,2.5%,6.97
Outras,recanto do morango 2,1,39,2.56%,5.21
Monumento 27 / Pedra do Baú,pedra do bau monumento biker,1,34,2.94%,4.32
Monumento 27 / Pedra do Baú,monumento biker 27,1,27,3.7%,4.59
Monumento 27 / Pedra do Baú,monumento pedra do bau,1,19,5.26%,3.84
Monumento 29 / São José do Barreiro,monumento biker são josé do barreiro,1,13,7.69%,6.15
Monumento 35 / São Lourenço,rota biker sao lourenço,1,12,8.33%,5.25
Monumento 29 / São José do Barreiro,rota biker 29,1,11,9.09%,2.82
Monumento 29 / São José do Barreiro,rota biker sao jose do barreiro,1,10,10%,4.5
Outras,dia 26/09,1,1,100%,1
Outras,equipamentos para motociclistas,1,1,100%,1
Outras,onde e este lugar?,1,1,100%,2
Outras,valor estacionamento,1,1,100%,3
Perto de mim,monumento rota biker perto de mim,0,187,0%,10
Outras buscas biker,monumento rota biker,0,142,0%,7.87
Outras buscas biker,rota biker,0,75,0%,8.52
Rota 68,rota 68 onde fica,0,69,0%,7
Rota 68,rota 68,0,63,0%,7.02
Monumento 27 / Pedra do Baú,monumento biker pedra do bau,0,60,0%,3.65
Rota 68,rota 68 brasil,0,57,0%,6.65
Monumento 27 / Pedra do Baú,rota biker 27,0,52,0%,5.98
Rota 68,rota 68 brasil mapa,0,44,0%,1
Monumento 27 / Pedra do Baú,rota biker pedra do bau,0,40,0%,4.6
Monumento 29 / São José do Barreiro,monumento biker sao jose do barreiro,0,34,0%,6.12
Monumento 27 / Pedra do Baú,monumento biker sao bento do sapucai,0,31,0%,6.13
Monumento 27 / Pedra do Baú,monumento 27,0,29,0%,3.45
Monumento 27 / Pedra do Baú,pedra do bau rota biker,0,28,0%,3.29
Outras buscas biker,monumento rota biker em minas gerais,0,27,0%,2.22
Monumento 22 / Três Corações,monumento rota biker 22,0,23,0%,5.87
Outras buscas biker,monumento biker em minas gerais,0,22,0%,3.5
Monumento 27 / Pedra do Baú,rota biker sao bento do sapucai,0,21,0%,5.71
Monumento 29 / São José do Barreiro,monumento biker 29,0,21,0%,6.05
Outras,tempo garganta do registro,0,21,0%,9.9
Outras,alpes brasileiros,0,20,0%,4.95
Monumento 27 / Pedra do Baú,monumento rota biker pedra do bau,0,19,0%,5.32
Monumento 22 / Três Corações,monumento 22 rota biker,0,19,0%,5.68
Perto de mim,monumentos rota biker perto de mim,0,18,0%,9.44
BMW,bmw motorrad fest 2026,0,17,0%,5.29
Rota 68,rota 68 mapa,0,16,0%,1
Outras,aparecida do norte de moto,0,16,0%,4.62
Monumento 29 / São José do Barreiro,são josé do barreiro monumento biker,0,16,0%,6.75
Outras buscas biker,monumento biker,0,16,0%,10.19
Monumento 27 / Pedra do Baú,monumento rota biker 27 fotos,0,15,0%,3.27
Monumento 27 / Pedra do Baú,monumento rota biker 27 são bento do sapucaí,0,15,0%,6.07
Perto de mim,monumento biker mais próximo de mim,0,15,0%,7.93
Rota 68,rota 68 rj,0,15,0%,9.8
Rota 68,onde fica a rota 68,0,14,0%,4.71
Monumento 29 / São José do Barreiro,monumento rota biker sao jose do barreiro,0,14,0%,6.43
Outras,restaurante na serra da mantiqueira,0,13,0%,6.62
Monumento 27 / Pedra do Baú,monumento rota biker sao bento do sapucai,0,13,0%,6.92
Outras,garganta do registro fotos,0,12,0%,3.75
Monumento 29 / São José do Barreiro,monumento 29: s. josé do barreiro - sp são josé do barreiro,0,12,0%,9.08
Monumento 35 / São Lourenço,rota biker sao lourenço mg,0,11,0%,5.18
Outras buscas biker,rota biker campos do jordão,0,11,0%,5.64
Monumento 35 / São Lourenço,monumento biker 35,0,10,0%,4.6
Outras,monumento rota bike,0,10,0%,10.5
Perto de mim,rota biker perto de mim,0,9,0%,11.67
Monumento 22 / Três Corações,monumento biker tres corações,0,8,0%,3.75
Monumento 29 / São José do Barreiro,monumento 29,0,7,0%,5.86
Outras,garganta do registro,0,6,0%,3.83
Rota 68,rota 68 de moto,0,6,0%,6.5
Outras,restaurantes na serra da mantiqueira,0,6,0%,8.83
Outras buscas biker,monumento biker proximo a mim,0,6,0%,9.67
Outras buscas biker,rota biker monumento,0,6,0%,10
Outras buscas biker,monumento bikers,0,6,0%,10.17
Outras buscas biker,rota biker monumentos,0,6,0%,16
Outras buscas biker,monumentos biker,0,6,0%,89.17
BMW,motorrad fest,0,5,0%,1.6
Outras buscas biker,monumentos rota biker em minas gerais,0,5,0%,2.8
Outras buscas biker,monumento biker 3 corações,0,5,0%,3
BMW,bmw motorrad festival 2026,0,5,0%,5.6
Outras buscas biker,rota biker 3 corações,0,5,0%,7
BMW,motorrad festival 2026,0,5,0%,7.4
Outras,monumento bike,0,5,0%,10.2
Outras,rota bike,0,5,0%,11.6
Outras buscas biker,onde tem monumento rota biker,0,5,0%,11.8
Outras buscas biker,monumento rota biker campos do jordão,0,4,0%,5.25
Outras,kart itajuba,0,4,0%,7.5
Outras buscas biker,monumentos rota biker,0,4,0%,24
Outras,"site:instagram.com sete barras ""chat.whatsapp.com/""",0,4,0%,164.25
Monumento 22 / Três Corações,monumento rota biker tres corações,0,3,0%,4.33
Monumento 35 / São Lourenço,monumento 35 rota biker,0,3,0%,5
Outras,festa do pastel de milho,0,3,0%,6.33
Outras,morango motos,0,3,0%,6.33
BMW,eventos bmw motorrad 2026,0,3,0%,7
Outras,kartódromo de itajubá,0,3,0%,7.33
Outras,faisca itajuba,0,3,0%,9.33
Outras,"site:instagram.com bocaina ""chat.whatsapp.com/""",0,3,0%,152.33
Outras buscas biker,rota biker 37,0,2,0%,1
Outras buscas biker,rota biker mg,0,2,0%,1
Outras,garganta do registro onde fica,0,2,0%,2.5
Outras,fotos,0,2,0%,3
Outras,onde fica,0,2,0%,3
Outras,romaria de moto aparecida do norte,0,2,0%,4.5
Outras,/droneview,0,2,0%,6
Outras,fabi campos nua,0,2,0%,7
Outras,lista de espera ibex 450,0,2,0%,7.5
Monumento 22 / Três Corações,rota biker tres corações,0,2,0%,7.5
Outras,kartódromo itajubá,0,2,0%,8.5
Monumento 35 / São Lourenço,rota biker 35,0,2,0%,8.5
Outras buscas biker,rota monumento biker,0,2,0%,9
Outras,rota para registro,0,2,0%,9
Monumento 22 / Três Corações,rota biker 22,0,2,0%,9.5
Outras buscas biker,monumento rota bikers,0,2,0%,11
Outras,garganta do registro itamonte,0,2,0%,13
Outras,pneu eurogrip é bom,0,2,0%,59
Outras,"site:instagram.com duas barras ""chat.whatsapp.com/""",0,2,0%,169.5
Outras,"site:instagram.com são bento do sul ""chat.whatsapp.com/""",0,2,0%,204
Outras,/cinematic,0,1,0%,1
Monumento 29 / São José do Barreiro,e 29,0,1,0%,1
Outras,evento,0,1,0%,1
Outras,faz aí,0,1,0%,1
Outras buscas biker,mapa da rota biker,0,1,0%,1
Outras,minas gerais de moto,0,1,0%,1
Monumento 35 / São Lourenço,monumento rota biker são lourenço,0,1,0%,1
Outras,pastel events,0,1,0%,1
Outras,quais atrações,0,1,0%,1
Outras,quais bandas,0,1,0%,1
Outras,quais shows?,0,1,0%,1
Outras,quais são os shows,0,1,0%,1
Outras,quero ver fotos,0,1,0%,1
Monumento 27 / Pedra do Baú,rota bike são bento do sapucaí,0,1,0%,1
Outras buscas biker,rota biker minas gerais,0,1,0%,1
Outras,ubicación,0,1,0%,1
Outras,atrações,0,1,0%,2
Outras,endereço,0,1,0%,2
Outras,garganta rota,0,1,0%,2
Outras,qual o número dele?,0,1,0%,2
Outras,quero fotos,0,1,0%,2
Monumento 27 / Pedra do Baú,sao bento do sapucai,0,1,0%,2
Outras,tem fotos?,0,1,0%,2
BMW,bmw motoras,0,1,0%,3
Monumento 35 / São Lourenço,e em são lourenço,0,1,0%,3
Outras,evento de moto,0,1,0%,3
Monumento 22 / Três Corações,monumento rota biker 22 três corações,0,1,0%,3
Outras,nova 450,0,1,0%,3
Outras,onde ficam,0,1,0%,3
Outras,quem são os artistas,0,1,0%,3
Outras,quem vai tocar,0,1,0%,3
Rota 68,rota 68 serra da bocaina,0,1,0%,3
Outras,sim,0,1,0%,3
Outras,agenda do evento,0,1,0%,4
Outras,atraçoes,0,1,0%,4
BMW,bmw rio,0,1,0%,4
Outras,como chegar?,0,1,0%,4
Outras,em mg,0,1,0%,4
Outras,foto,0,1,0%,4
Outras,v,0,1,0%,4
Outras,clima em conceição da aparecida,0,1,0%,5
Outras,ibex 450 fila de espera,0,1,0%,5
Outras,na quinta-feira,0,1,0%,5
Monumento 35 / São Lourenço,rota 35,0,1,0%,5
BMW,bmw fest,0,1,0%,6
Outras,estrada nossa senhora da conceição 1000,0,1,0%,6
Outras,gostaria de mais detalhes,0,1,0%,6
Outras,kartodromo itajuba,0,1,0%,6
Outras,minas gerais,0,1,0%,6
Outras,encontro de motos,0,1,0%,7
Outras,pastel de milho itajubá,0,1,0%,7
Outras,precisa de ingresso?,0,1,0%,7
Outras buscas biker,todos os monumentos rota biker,0,1,0%,7
Outras,aitataka,0,1,0%,8
Outras buscas biker,monumento rota biker 37,0,1,0%,8
Outras,recanto do morango,0,1,0%,8
Outras buscas biker,rotabiker,0,1,0%,8
Outras,10 lugares para ir de moto,0,1,0%,9
Outras,encontro de moto,0,1,0%,9
Perto de mim,monumento rota bike perto de mim,0,1,0%,9
Outras,motosul,0,1,0%,9
Outras,festa pastel de milho itajuba,0,1,0%,10
Outras,restaurante serra da mantiqueira,0,1,0%,10
Outras buscas biker,rota bikers,0,1,0%,10
Outras,rota68,0,1,0%,10
Outras,festival de pastel,0,1,0%,11
Perto de mim,monumento moto bike perto de mim,0,1,0%,11
Outras,rumoto sao jose,0,1,0%,11
Outras,590 moto,0,1,0%,12
Outras buscas biker,monumentos da rota biker,0,1,0%,12
Outras,restaurante 7 curvas,0,1,0%,12
Perto de mim,rota bike perto de mim,0,1,0%,12
Outras,localização,0,1,0%,13
Outras,localização exata,0,1,0%,13
Outras,mirante da mantiqueira,0,1,0%,13
Outras,serra da mantiqueira restaurante,0,1,0%,13
Monumento 22 / Três Corações,localiza tres corações,0,1,0%,17
Outras,2,0,1,0%,19
Outras,de moto,0,1,0%,23
Outras buscas biker,monumento rota biker 18,0,1,0%,47
Outras buscas biker,monumento rota biker 12,0,1,0%,51
Outras buscas biker,rota biker mapa,0,1,0%,60
Outras buscas biker,monumento rota biker 01,0,1,0%,64
Outras buscas biker,mapa rota biker,0,1,0%,71
Outras buscas biker,mapa monumentos rota biker,0,1,0%,75
Outras buscas biker,monumento biker socorro,0,1,0%,77
Outras buscas biker,rota biker locais,0,1,0%,80
Rota 68,rota 68 estrada dos tropeiros,0,1,0%,87
Outras,"site:instagram.com morungaba ""chat.whatsapp.com/""",0,1,0%,95
Outras,"site:instagram.com são bento ""chat.whatsapp.com/""",0,1,0%,187
